line,length,Cement,Steel,Total
广佛线,39958.89062949786,734643.8046344119,4555.313531762756,739199.517755081
