line,length,Cement,Steel,Total
1号线,36067.11837474035,663093.6106484176,4111.6514947204,667205.6228143218
