line,length,Cement,Steel,Total
1号线,25858.644869347278,475410.9273365011,2947.8855151055895,478359.07143805525
2号线,31678.05231919703,582400.6751079144,3611.297964388462,586012.2898528259
