line,length,Cement,Steel,Total
1号线,31474.32464988296,578655.1439448517,3588.0730100866576,582243.5316981849
2号线,33519.15390389397,616249.3093315517,3821.183545043913,620070.8280681346
