line,length,Cement,Steel,Total
1号线,29769.193727345853,547306.3289853163,3393.6880849174277,550700.3147621709
3号线,24347.962694345886,447637.0506559222,2775.6677471554312,450412.9618827046
