line,length,Cement,Steel,Total
1号线,36129.023388709735,664231.7337111946,4118.708666312909,668350.8036677414
3号线,4729.990723802748,86960.8321572063,539.2189425135133,87500.09839962704
