line,length,Cement,Steel,Total
1号线,31467.737925148478,578534.0470764756,3587.3221234669268,582121.6838773218
2号线,42372.742357055766,779022.4445070467,4830.492628704357,783853.3608631745
