line,length,Cement,Steel,Total
1号线,37089.03862202884,681881.6041756141,4228.1504029112875,686110.1254689115
2号线,28752.02247021933,528605.6455947577,3277.7305616050035,531883.6636765874
