line,length,Cement,Steel,Total
S1线,55663.39119917513,1023370.8905629228,6345.626596705964,1029717.0737935407
