line,length,Cement,Steel,Total
1号线,35866.45363010633,659404.3913249685,4088.7757138321213,663493.5257033369
