line,length,Cement,Steel,Total
1号线,30673.59666476348,563933.7679457101,3496.7900197830368,567430.8647014596
