line,length,Cement,Steel,Total
1号线,41096.58540508338,755560.311706604,4685.010736179505,760245.7334086375
3号线,13188.039060664576,242461.96624992765,1503.4364529157617,243965.534583234
