line,length,Cement,Steel,Total
1号线,30045.617842763404,552388.3835830268,3425.200434075028,555813.8844732802
